{"mel_mean": -5.217583656311035, "mel_std": 1.5713294744491577, "expression_mean": 0.032850850373506546, "expression_std": 0.520163893699646, "pose_mean": -0.002342863939702511, "pose_std": 0.08045244961977005}