{"mel_mean": -5.264796733856201, "mel_std": 1.5986379384994507, "blendshape_mean": 0.11496427655220032, "blendshape_std": 0.1995350867509842, "rotation_mean": 0.1603495180606842, "rotation_std": 6.222735404968262}