{"mel_mean": -5.264796257019043, "mel_std": 1.5986391305923462}