{"mel_mean": -4.849753379821777, "mel_std": 1.7821919918060303, "blendshape_mean": 0.10372770577669144, "blendshape_std": 0.1913384348154068, "rotation_mean": -2.5404629707336426, "rotation_std": 7.233050346374512}