{"mel_mean": -4.849752902984619, "mel_std": 1.7821930646896362, "expression_mean": 0.05386953428387642, "expression_std": 0.4324733316898346, "pose_mean": 0.06289919465780258, "pose_std": 0.08885325491428375}