{"mel_mean": -5.168238639831543, "mel_std": 1.7652684450149536, "expression_mean": 0.027548350393772125, "expression_std": 0.46523427963256836, "pose_mean": 0.04070589691400528, "pose_std": 0.09853046387434006}